Label,# Samples,Average,Median,90% Line,95% Line,99% Line,Min,Max,Error %,Throughput,Received KB/sec,Sent KB/sec
HTTP Request,20000,511,395,946,1053,1259,20,3619,0.000%,38.58025,3574.34,4.86
TOTAL,20000,511,395,946,1053,1259,20,3619,0.000%,38.58025,3574.34,4.86
