Label,# Samples,Average,Median,90% Line,95% Line,99% Line,Min,Max,Error %,Throughput,Received KB/sec,Sent KB/sec
HTTP Request,7500,724,721,1025,1110,1300,47,3622,0.000%,19.91408,1770.86,2.63
TOTAL,7500,724,721,1025,1110,1300,47,3622,0.000%,19.91408,1770.86,2.63
