Label,# Samples,Average,Median,90% Line,95% Line,99% Line,Min,Max,Error %,Throughput,Received KB/sec,Sent KB/sec
HTTP Request,7500,563,509,875,976,1241,132,6577,0.000%,25.49399,1647.05,3.36
TOTAL,7500,563,509,875,976,1241,132,6577,0.000%,25.49399,1647.05,3.36
