Label,# Samples,Average,Median,90% Line,95% Line,99% Line,Min,Max,Error %,Throughput,Received KB/sec,Sent KB/sec
HTTP Request,20000,401,321,748,891,1134,71,6771,0.000%,48.68608,3265.03,6.13
TOTAL,20000,401,321,748,891,1134,71,6771,0.000%,48.68608,3265.03,6.13
